method,endpoint,resource,admin,chunhiem,phuta,phuhuynh,publicAccess,tenant,object,evidence,note
"GET","/health","health","PUBLIC_MINIMAL","PUBLIC_MINIMAL","PUBLIC_MINIMAL","PUBLIC_MINIMAL","PUBLIC_MINIMAL","Infrastructure; no user/tenant records","PUBLIC_MINIMAL","server/src/routes/health.ts:35","Static route/service reconstruction; no per-endpoint runtime completeness claim"
"GET","/ready","health","OPS_TOKEN","OPS_TOKEN","OPS_TOKEN","OPS_TOKEN","OPS_TOKEN","Infrastructure; no user/tenant records","OPS_TOKEN","server/src/routes/health.ts:61","Static route/service reconstruction; no per-endpoint runtime completeness claim"
"GET","/metrics","health","OPS_TOKEN","OPS_TOKEN","OPS_TOKEN","OPS_TOKEN","OPS_TOKEN","Infrastructure; no user/tenant records","OPS_TOKEN","server/src/routes/health.ts:87","Static route/service reconstruction; no per-endpoint runtime completeness claim"
"POST","/api/csp-report","cspReport","PUBLIC_REPORT_INGEST","PUBLIC_REPORT_INGEST","PUBLIC_REPORT_INGEST","PUBLIC_REPORT_INGEST","PUBLIC_REPORT_INGEST","Telemetry only; bounded ingestion","PUBLIC_REPORT_INGEST","server/src/routes/cspReport.ts:25","Static route/service reconstruction; no per-endpoint runtime completeness claim"
"POST","/api/auth/login","auth","CREDENTIALS","CREDENTIALS","CREDENTIALS","CREDENTIALS","CREDENTIALS","Body parishId; explicit default gia-ton; DB username+parish","CREDENTIALS","server/src/routes/auth.ts:117","D8 enumeration; D6 LOCKED exception"
"POST","/api/auth/change-password","auth","SELF","SELF","SELF","SELF","DENY","JWT parishId; no cross-tenant authority","SELF","server/src/routes/auth.ts:234","D5 stale verification before transaction; D4 forced-state allowlist"
"POST","/api/auth/parent-reset-password","auth","410_REMOVED","410_REMOVED","410_REMOVED","410_REMOVED","410_REMOVED","No recovery performed","410_REMOVED","server/src/routes/auth.ts:304","Static route/service reconstruction; no per-endpoint runtime completeness claim"
"POST","/api/auth/admin-change-password","auth","TENANT+ADMIN_REAUTH","DENY_ROLE","DENY_ROLE","DENY_ROLE","DENY","JWT parishId; no cross-tenant authority","TENANT+ADMIN_REAUTH","server/src/routes/auth.ts:320","Protected superadmin target; D4 and D6 exceptions"
"POST","/api/auth/refresh","auth","REFRESH_COOKIE","REFRESH_COOKIE","REFRESH_COOKIE","REFRESH_COOKIE","REFRESH_COOKIE+ORIGIN","Signed refresh claims + hashed session","REFRESH_COOKIE","server/src/routes/auth.ts:366","Rotation/reuse; legacy version gap H1"
"POST","/api/auth/logout","auth","SELF","SELF","SELF","SELF","DENY","JWT parishId; no cross-tenant authority","SELF","server/src/routes/auth.ts:383","Static route/service reconstruction; no per-endpoint runtime completeness claim"
"GET","/api/auth/me","auth","SELF","SELF","SELF","SELF","DENY","JWT parishId; no cross-tenant authority","SELF","server/src/routes/auth.ts:412","Static route/service reconstruction; no per-endpoint runtime completeness claim"
"PUT","/api/auth/profile","auth","SELF","SELF","SELF","SELF","DENY","JWT parishId; no cross-tenant authority","SELF","server/src/routes/auth.ts:426","Self fullName/phone; parent phone change prohibited; no role/username update"
"POST","/api/students/validate","import","TENANT_OBJECT_D11","ASSIGNED_CLASS_D11","DENY_ROLE","DENY_ROLE","DENY","Student predicate uses JWT parishId; D11 class JOIN omits parishId","ASSIGNED_CLASS; D11 conditional foreign class metadata","server/src/routes/import.ts:30","Assigned-class import; D11 duplicate preview can join same-ID class from another parish; undo admin-only; history/detail CN owner-only"
"POST","/api/students/import","import","TENANT_OBJECT","ASSIGNED_CLASS","DENY_ROLE","DENY_ROLE","DENY","JWT parishId; no cross-tenant authority","ASSIGNED_CLASS","server/src/routes/import.ts:71","Assigned-class import; undo admin-only; history/detail CN owner-only; same /api/students mount order covered"
"POST","/api/students/undo/:batchId","import","TENANT_IMPORT_METADATA","DENY_ROLE","DENY_ROLE","DENY_ROLE","DENY","JWT parishId; no cross-tenant authority","TENANT_IMPORT_METADATA","server/src/routes/import.ts:101","Assigned-class import; undo admin-only; history/detail CN owner-only; same /api/students mount order covered"
"GET","/api/students/history","import","ADMIN_OR_BATCH_OWNER","ADMIN_OR_BATCH_OWNER","DENY_ROLE","DENY_ROLE","DENY","JWT parishId; no cross-tenant authority","ADMIN_OR_BATCH_OWNER","server/src/routes/import.ts:113","Assigned-class import; undo admin-only; history/detail CN owner-only; same /api/students mount order covered"
"GET","/api/students/mappings","import","TENANT_IMPORT_METADATA","TENANT_IMPORT_METADATA","DENY_ROLE","DENY_ROLE","DENY","JWT parishId; no cross-tenant authority","TENANT_IMPORT_METADATA","server/src/routes/import.ts:124","Assigned-class import; undo admin-only; history/detail CN owner-only; same /api/students mount order covered"
"POST","/api/students/mappings","import","ASSIGNED_CLASS_OR_STUDENT","ASSIGNED_CLASS_OR_STUDENT","DENY_ROLE","DENY_ROLE","DENY","JWT parishId; no cross-tenant authority","ASSIGNED_CLASS_OR_STUDENT","server/src/routes/import.ts:132","Assigned-class import; undo admin-only; history/detail CN owner-only; same /api/students mount order covered"
"DELETE","/api/students/mappings/:id","import","TENANT_IMPORT_METADATA","DENY_ROLE","DENY_ROLE","DENY_ROLE","DENY","JWT parishId; no cross-tenant authority","TENANT_IMPORT_METADATA","server/src/routes/import.ts:172","Assigned-class import; undo admin-only; history/detail CN owner-only; same /api/students mount order covered"
"GET","/api/students/batch/:batchId","import","ADMIN_OR_BATCH_OWNER","ADMIN_OR_BATCH_OWNER","DENY_ROLE","DENY_ROLE","DENY","JWT parishId; no cross-tenant authority","ADMIN_OR_BATCH_OWNER","server/src/routes/import.ts:179","Assigned-class import; undo admin-only; history/detail CN owner-only; same /api/students mount order covered"
"GET","/api/students","students","TENANT_ROSTER","TENANT_ROSTER","TENANT_ROSTER","DENY_ROLE","DENY","JWT parishId; no cross-tenant authority","TENANT_ROSTER","server/src/routes/students.ts:47","GLV parish-wide reads intentional; writes scoped; parent staff endpoint denied"
"GET","/api/students/:id","students","TENANT_ROSTER","TENANT_ROSTER","TENANT_ROSTER","DENY_ROLE","DENY","JWT parishId; no cross-tenant authority","TENANT_ROSTER","server/src/routes/students.ts:59","GLV parish-wide reads intentional; writes scoped; parent staff endpoint denied"
"POST","/api/students","students","TENANT_OBJECT","CURRENT_STUDENT_CLASS","DENY_ROLE","DENY_ROLE","DENY","JWT parishId; no cross-tenant authority","CURRENT_STUDENT_CLASS","server/src/routes/students.ts:67","GLV parish-wide reads intentional; writes scoped; parent staff endpoint denied"
"PUT","/api/students/:id","students","TENANT_OBJECT","CURRENT_STUDENT_CLASS","DENY_ROLE","DENY_ROLE","DENY","JWT parishId; no cross-tenant authority","CURRENT_STUDENT_CLASS","server/src/routes/students.ts:98","GLV parish-wide reads intentional; writes scoped; parent staff endpoint denied"
"DELETE","/api/students/:id","students","TENANT_OBJECT","DENY_ROLE","DENY_ROLE","DENY_ROLE","DENY","JWT parishId; no cross-tenant authority","CURRENT_STUDENT_CLASS","server/src/routes/students.ts:126","GLV parish-wide reads intentional; writes scoped; parent staff endpoint denied"
"GET","/api/grades","grades","TENANT_ACTIVE_STUDENTS","ASSIGNED_STUDENTS_IF_NONEMPTY_ELSE_TENANT_D9","ASSIGNED_STUDENTS_IF_NONEMPTY_ELSE_TENANT_D9","ASSIGNED_STUDENTS_IF_NONEMPTY_ELSE_TENANT_D9","DENY","JWT parishId; no cross-tenant authority","D9_EMPTY_SCOPE_FAIL_OPEN","server/src/routes/grades.ts:64","D9: empty studentIds skips IN predicate; grade nonadmin semester still applies; updatedAfter can empty an otherwise assigned scope"
"POST","/api/grades","grades","TENANT_OBJECT","CURRENT_STUDENT_CLASS","DENY_ROLE","DENY_ROLE","DENY","JWT parishId; no cross-tenant authority","CURRENT_STUDENT_CLASS","server/src/routes/grades.ts:81","D1: final UPDATE lacks parish predicate for existing grade id+version"
"POST","/api/grades/batch","grades","TENANT_OBJECT","CURRENT_STUDENT_CLASS","DENY_ROLE","DENY_ROLE","DENY","JWT parishId; no cross-tenant authority","CURRENT_STUDENT_CLASS","server/src/routes/grades.ts:125","D1: final UPDATE lacks parish predicate for existing grade id+version"
"POST","/api/grades/check-import-duplicate","grades","CLASS_AND_IMPORT_SCOPE","CLASS_AND_IMPORT_SCOPE","DENY_ROLE","DENY_ROLE","DENY","JWT parishId; no cross-tenant authority","CLASS_AND_IMPORT_SCOPE","server/src/routes/grades.ts:152","Admin tenant-wide; other roles assignment-filtered; auth-only reads do not separately deny corrupt parent assignments (H4)"
"POST","/api/grades/register-import","grades","CLASS_AND_IMPORT_SCOPE","CLASS_AND_IMPORT_SCOPE","DENY_ROLE","DENY_ROLE","DENY","JWT parishId; no cross-tenant authority","CLASS_AND_IMPORT_SCOPE","server/src/routes/grades.ts:189","Admin tenant-wide; other roles assignment-filtered; auth-only reads do not separately deny corrupt parent assignments (H4)"
"POST","/api/grades/undo-import","grades","CLASS_AND_IMPORT_SCOPE","CLASS_AND_IMPORT_SCOPE","DENY_ROLE","DENY_ROLE","DENY","JWT parishId; no cross-tenant authority","CLASS_AND_IMPORT_SCOPE","server/src/routes/grades.ts:222","Admin tenant-wide; other roles assignment-filtered; auth-only reads do not separately deny corrupt parent assignments (H4)"
"PATCH","/api/grades/:id/override","grades","TENANT_OBJECT","CURRENT_STUDENT_CLASS","DENY_ROLE","DENY_ROLE","DENY","JWT parishId; no cross-tenant authority","CURRENT_STUDENT_CLASS","server/src/routes/grades.ts:262","Override/restore service reloads role and assignment in transaction; tenant-scoped repository"
"DELETE","/api/grades/:id/override","grades","TENANT_OBJECT","CURRENT_STUDENT_CLASS","DENY_ROLE","DENY_ROLE","DENY","JWT parishId; no cross-tenant authority","CURRENT_STUDENT_CLASS","server/src/routes/grades.ts:293","Override/restore service reloads role and assignment in transaction; tenant-scoped repository"
"GET","/api/grades/:id/override/history","grades","TENANT_OBJECT","CURRENT_STUDENT_CLASS","CURRENT_STUDENT_CLASS","CURRENT_STUDENT_CLASS","DENY","JWT parishId; no cross-tenant authority","CURRENT_STUDENT_CLASS","server/src/routes/grades.ts:319","Override/restore service reloads role and assignment in transaction; tenant-scoped repository"
"POST","/api/grades/restore-batch","grades","TENANT_OBJECT","CURRENT_STUDENT_CLASS","DENY_ROLE","DENY_ROLE","DENY","JWT parishId; no cross-tenant authority","CURRENT_STUDENT_CLASS","server/src/routes/grades.ts:337","Admin tenant-wide; other roles assignment-filtered; auth-only reads do not separately deny corrupt parent assignments (H4)"
"GET","/api/attendance","attendance","TENANT_ACTIVE_STUDENTS","ASSIGNED_STUDENTS_IF_NONEMPTY_ELSE_TENANT_D9","ASSIGNED_STUDENTS_IF_NONEMPTY_ELSE_TENANT_D9","ASSIGNED_STUDENTS_IF_NONEMPTY_ELSE_TENANT_D9","DENY","JWT parishId; no cross-tenant authority","D9_EMPTY_SCOPE_FAIL_OPEN","server/src/routes/attendance.ts:26","D9: empty studentIds skips IN predicate; grade nonadmin semester still applies; updatedAfter can empty an otherwise assigned scope"
"POST","/api/attendance","attendance","TENANT_OBJECT","CURRENT_STUDENT_CLASS","CURRENT_STUDENT_CLASS","DENY_ROLE","DENY","JWT parishId; no cross-tenant authority","CURRENT_STUDENT_CLASS","server/src/routes/attendance.ts:51","Admin tenant-wide; other roles assignment-filtered; auth-only reads do not separately deny corrupt parent assignments (H4)"
"POST","/api/attendance/batch","attendance","TENANT_OBJECT","CURRENT_STUDENT_CLASS","CURRENT_STUDENT_CLASS","DENY_ROLE","DENY","JWT parishId; no cross-tenant authority","CURRENT_STUDENT_CLASS","server/src/routes/attendance.ts:87","Admin tenant-wide; other roles assignment-filtered; auth-only reads do not separately deny corrupt parent assignments (H4)"
"GET","/api/notices","notices","TENANT_AUDIENCE_FILTER","TENANT_AUDIENCE_FILTER","TENANT_AUDIENCE_FILTER","TENANT_AUDIENCE_FILTER","DENY","JWT parishId; no cross-tenant authority","TENANT_AUDIENCE_FILTER","server/src/routes/notices.ts:25","CN can manage parish-wide notices; no creator ownership policy"
"POST","/api/notices","notices","TENANT_SHARED_NOTICE","TENANT_SHARED_NOTICE","DENY_ROLE","DENY_ROLE","DENY","JWT parishId; no cross-tenant authority","TENANT_SHARED_NOTICE","server/src/routes/notices.ts:34","CN can manage parish-wide notices; no creator ownership policy"
"PUT","/api/notices/:id","notices","TENANT_SHARED_NOTICE","TENANT_SHARED_NOTICE","DENY_ROLE","DENY_ROLE","DENY","JWT parishId; no cross-tenant authority","TENANT_SHARED_NOTICE","server/src/routes/notices.ts:44","CN can manage parish-wide notices; no creator ownership policy"
"DELETE","/api/notices/:id","notices","TENANT_SHARED_NOTICE","TENANT_SHARED_NOTICE","DENY_ROLE","DENY_ROLE","DENY","JWT parishId; no cross-tenant authority","TENANT_SHARED_NOTICE","server/src/routes/notices.ts:56","CN can manage parish-wide notices; no creator ownership policy"
"POST","/api/notifications/subscribe","notifications","SELF_SUBSCRIPTION","SELF_SUBSCRIPTION","SELF_SUBSCRIPTION","SELF_SUBSCRIPTION","DENY","JWT parishId; no cross-tenant authority","SELF_SUBSCRIPTION","server/src/routes/notifications.ts:83","Static route/service reconstruction; no per-endpoint runtime completeness claim"
"POST","/api/notifications/native/register","notifications","SELF_SUBSCRIPTION","SELF_SUBSCRIPTION","SELF_SUBSCRIPTION","SELF_SUBSCRIPTION","DENY","JWT parishId; no cross-tenant authority","SELF_SUBSCRIPTION","server/src/routes/notifications.ts:105","Static route/service reconstruction; no per-endpoint runtime completeness claim"
"POST","/api/notifications/native/unregister","notifications","SELF_SUBSCRIPTION","SELF_SUBSCRIPTION","SELF_SUBSCRIPTION","SELF_SUBSCRIPTION","DENY","JWT parishId; no cross-tenant authority","SELF_SUBSCRIPTION","server/src/routes/notifications.ts:139","Static route/service reconstruction; no per-endpoint runtime completeness claim"
"POST","/api/notifications/unsubscribe","notifications","SELF_SUBSCRIPTION","SELF_SUBSCRIPTION","SELF_SUBSCRIPTION","SELF_SUBSCRIPTION","DENY","JWT parishId; no cross-tenant authority","SELF_SUBSCRIPTION","server/src/routes/notifications.ts:162","Static route/service reconstruction; no per-endpoint runtime completeness claim"
"POST","/api/notifications/send","notifications","TENANT_BROADCAST","DENY_ROLE","DENY_ROLE","DENY_ROLE","DENY","JWT parishId; no cross-tenant authority","TENANT_BROADCAST","server/src/routes/notifications.ts:169","Sunday manual trigger permits CN parish-wide; /send admin-only"
"GET","/api/notifications/vapid-public-key","notifications","PUBLIC_KEY_AUTHENTICATED","PUBLIC_KEY_AUTHENTICATED","PUBLIC_KEY_AUTHENTICATED","PUBLIC_KEY_AUTHENTICATED","DENY","JWT parishId; no cross-tenant authority","PUBLIC_KEY_AUTHENTICATED","server/src/routes/notifications.ts:196","Static route/service reconstruction; no per-endpoint runtime completeness claim"
"GET","/api/notifications/subscriptions","notifications","SELF_SUBSCRIPTION","DENY_ROLE","DENY_ROLE","DENY_ROLE","DENY","JWT parishId; no cross-tenant authority","SELF_SUBSCRIPTION","server/src/routes/notifications.ts:206","Static route/service reconstruction; no per-endpoint runtime completeness claim"
"POST","/api/notifications/smart/absence","notifications","ASSIGNED_CLASS_RECIPIENTS","ASSIGNED_CLASS_RECIPIENTS","DENY_ROLE","DENY_ROLE","DENY","JWT parishId; no cross-tenant authority","ASSIGNED_CLASS_RECIPIENTS","server/src/routes/notifications.ts:219","Static route/service reconstruction; no per-endpoint runtime completeness claim"
"POST","/api/notifications/smart/report-cards","notifications","CLASS_CHECK_THEN_CALLER_PHONE","CLASS_CHECK_THEN_CALLER_PHONE","DENY_ROLE","DENY_ROLE","DENY","JWT parishId; no cross-tenant authority","CLASS_CHECK_THEN_CALLER_PHONE","server/src/routes/notifications.ts:255","D3 authorization identity differs from recipient identity; global fallback H5"
"POST","/api/notifications/smart/reminder/sunday","notifications","TENANT_BROADCAST","TENANT_BROADCAST","DENY_ROLE","DENY_ROLE","DENY","JWT parishId; no cross-tenant authority","TENANT_BROADCAST","server/src/routes/notifications.ts:300","Sunday manual trigger permits CN parish-wide; /send admin-only"
"POST","/api/notifications/smart/reminder/class","notifications","ASSIGNED_CLASS_RECIPIENTS","ASSIGNED_CLASS_RECIPIENTS","DENY_ROLE","DENY_ROLE","DENY","JWT parishId; no cross-tenant authority","ASSIGNED_CLASS_RECIPIENTS","server/src/routes/notifications.ts:306","Static route/service reconstruction; no per-endpoint runtime completeness claim"
"GET","/api/users/catechists","users","TENANT_MINIMIZED_DIRECTORY","TENANT_MINIMIZED_DIRECTORY","TENANT_MINIMIZED_DIRECTORY","DENY_ROLE","DENY","JWT parishId; no cross-tenant authority","TENANT_MINIMIZED_DIRECTORY","server/src/routes/users.ts:45","Admin mutation; target+references tenant; D6 superadmin target identity only userId"
"GET","/api/users/parent-provision-preview","users","TENANT_USER","DENY_ROLE","DENY_ROLE","DENY_ROLE","DENY","JWT parishId; no cross-tenant authority","TENANT_USER","server/src/routes/users.ts:54","Admin mutation; target+references tenant; D6 superadmin target identity only userId"
"POST","/api/users/provision-parents","users","TENANT_USER+ADMIN_REAUTH","DENY_ROLE","DENY_ROLE","DENY_ROLE","DENY","JWT parishId; no cross-tenant authority","TENANT_USER+ADMIN_REAUTH","server/src/routes/users.ts:66","Admin mutation; target+references tenant; D6 superadmin target identity only userId"
"GET","/api/users","users","TENANT_USER","DENY_ROLE","DENY_ROLE","DENY_ROLE","DENY","JWT parishId; no cross-tenant authority","TENANT_USER","server/src/routes/users.ts:79","Admin mutation; target+references tenant; D6 superadmin target identity only userId"
"GET","/api/users/:id","users","TENANT_USER","DENY_ROLE","DENY_ROLE","DENY_ROLE","DENY","JWT parishId; no cross-tenant authority","TENANT_USER","server/src/routes/users.ts:87","Admin mutation; target+references tenant; D6 superadmin target identity only userId"
"POST","/api/users","users","TENANT_USER","DENY_ROLE","DENY_ROLE","DENY_ROLE","DENY","JWT parishId; no cross-tenant authority","TENANT_USER","server/src/routes/users.ts:95","Admin mutation; target+references tenant; D6 superadmin target identity only userId"
"PUT","/api/users/:id/status","users","TENANT_USER","DENY_ROLE","DENY_ROLE","DENY_ROLE","DENY","JWT parishId; no cross-tenant authority","TENANT_USER","server/src/routes/users.ts:117","Admin mutation; target+references tenant; D6 superadmin target identity only userId"
"POST","/api/users/:id/reset-password","users","TENANT_USER+ADMIN_REAUTH","DENY_ROLE","DENY_ROLE","DENY_ROLE","DENY","JWT parishId; no cross-tenant authority","TENANT_USER+ADMIN_REAUTH","server/src/routes/users.ts:139","Admin mutation; target+references tenant; D6 superadmin target identity only userId"
"POST","/api/users/:id/reveal-password","users","410_REMOVED","DENY_ROLE","DENY_ROLE","DENY_ROLE","DENY","JWT parishId; no cross-tenant authority","410_REMOVED","server/src/routes/users.ts:158","No plaintext/reversible reveal endpoint"
"PUT","/api/users/:id/phone","users","TENANT_USER+ADMIN_REAUTH","DENY_ROLE","DENY_ROLE","DENY_ROLE","DENY","JWT parishId; no cross-tenant authority","TENANT_USER+ADMIN_REAUTH","server/src/routes/users.ts:171","Admin mutation; target+references tenant; D6 superadmin target identity only userId"
"PUT","/api/users/:id/assignments","users","TENANT_USER","DENY_ROLE","DENY_ROLE","DENY_ROLE","DENY","JWT parishId; no cross-tenant authority","TENANT_USER","server/src/routes/users.ts:191","Admin mutation; target+references tenant; D6 superadmin target identity only userId"
"POST","/api/users/:id/force-logout","users","TENANT_USER","DENY_ROLE","DENY_ROLE","DENY_ROLE","DENY","JWT parishId; no cross-tenant authority","TENANT_USER","server/src/routes/users.ts:213","Admin mutation; target+references tenant; D6 superadmin target identity only userId"
"DELETE","/api/users/:id","users","TENANT_USER+ADMIN_REAUTH","DENY_ROLE","DENY_ROLE","DENY_ROLE","DENY","JWT parishId; no cross-tenant authority","TENANT_USER+ADMIN_REAUTH","server/src/routes/users.ts:226","Admin mutation; target+references tenant; D6 superadmin target identity only userId"
"GET","/api/classes","classes","TENANT_METADATA","TENANT_METADATA","TENANT_METADATA","TENANT_METADATA","DENY","JWT parishId; no cross-tenant authority","TENANT_METADATA","server/src/routes/classes.ts:27","Nonadmin class reads strip other teacher assignments; assignment mutation validates eligible staff"
"GET","/api/classes/available-teachers","classes","TENANT_METADATA","DENY_ROLE","DENY_ROLE","DENY_ROLE","DENY","JWT parishId; no cross-tenant authority","TENANT_METADATA","server/src/routes/classes.ts:48","Nonadmin class reads strip other teacher assignments; assignment mutation validates eligible staff"
"POST","/api/classes/:id/assignments","classes","TENANT_REFERENCES","DENY_ROLE","DENY_ROLE","DENY_ROLE","DENY","JWT parishId; no cross-tenant authority","TENANT_REFERENCES","server/src/routes/classes.ts:54","Nonadmin class reads strip other teacher assignments; assignment mutation validates eligible staff"
"PUT","/api/classes/:id/assignments","classes","TENANT_REFERENCES","DENY_ROLE","DENY_ROLE","DENY_ROLE","DENY","JWT parishId; no cross-tenant authority","TENANT_REFERENCES","server/src/routes/classes.ts:69","Nonadmin class reads strip other teacher assignments; assignment mutation validates eligible staff"
"DELETE","/api/classes/:id/assignments/:userId","classes","TENANT_REFERENCES","DENY_ROLE","DENY_ROLE","DENY_ROLE","DENY","JWT parishId; no cross-tenant authority","TENANT_REFERENCES","server/src/routes/classes.ts:91","Nonadmin class reads strip other teacher assignments; assignment mutation validates eligible staff"
"GET","/api/classes/branches","classes","TENANT_METADATA","TENANT_METADATA","TENANT_METADATA","TENANT_METADATA","DENY","JWT parishId; no cross-tenant authority","TENANT_METADATA","server/src/routes/classes.ts:103","Nonadmin class reads strip other teacher assignments; assignment mutation validates eligible staff"
"GET","/api/classes/academic-years","classes","TENANT_METADATA","TENANT_METADATA","TENANT_METADATA","TENANT_METADATA","DENY","JWT parishId; no cross-tenant authority","TENANT_METADATA","server/src/routes/classes.ts:112","Nonadmin class reads strip other teacher assignments; assignment mutation validates eligible staff"
"POST","/api/classes/academic-years","classes","TENANT_REFERENCES","DENY_ROLE","DENY_ROLE","DENY_ROLE","DENY","JWT parishId; no cross-tenant authority","TENANT_REFERENCES","server/src/routes/classes.ts:137","Nonadmin class reads strip other teacher assignments; assignment mutation validates eligible staff"
"GET","/api/classes/:id","classes","TENANT_METADATA","TENANT_METADATA","TENANT_METADATA","TENANT_METADATA","DENY","JWT parishId; no cross-tenant authority","TENANT_METADATA","server/src/routes/classes.ts:187","Nonadmin class reads strip other teacher assignments; assignment mutation validates eligible staff"
"POST","/api/classes","classes","TENANT_REFERENCES","DENY_ROLE","DENY_ROLE","DENY_ROLE","DENY","JWT parishId; no cross-tenant authority","TENANT_REFERENCES","server/src/routes/classes.ts:197","Nonadmin class reads strip other teacher assignments; assignment mutation validates eligible staff"
"PUT","/api/classes/:id","classes","TENANT_REFERENCES","DENY_ROLE","DENY_ROLE","DENY_ROLE","DENY","JWT parishId; no cross-tenant authority","TENANT_REFERENCES","server/src/routes/classes.ts:229","Nonadmin class reads strip other teacher assignments; assignment mutation validates eligible staff"
"DELETE","/api/classes/:id","classes","TENANT_REFERENCES","DENY_ROLE","DENY_ROLE","DENY_ROLE","DENY","JWT parishId; no cross-tenant authority","TENANT_REFERENCES","server/src/routes/classes.ts:252","Nonadmin class reads strip other teacher assignments; assignment mutation validates eligible staff"
"GET","/api/audit-logs","auditLogs","TENANT","DENY_ROLE","DENY_ROLE","DENY_ROLE","DENY","JWT parishId; no cross-tenant authority","TENANT","server/src/routes/auditLogs.ts:13","Static route/service reconstruction; no per-endpoint runtime completeness claim"
"GET","/api/audit-logs/policy-history","auditLogs","TENANT","DENY_ROLE","DENY_ROLE","DENY_ROLE","DENY","JWT parishId; no cross-tenant authority","TENANT","server/src/routes/auditLogs.ts:98","Static route/service reconstruction; no per-endpoint runtime completeness claim"
"GET","/api/settings","settings","TENANT","TENANT","TENANT","TENANT","DENY","JWT parishId; no cross-tenant authority","TENANT","server/src/routes/settings.ts:136","Static route/service reconstruction; no per-endpoint runtime completeness claim"
"PUT","/api/settings","settings","TENANT","DENY_ROLE","DENY_ROLE","DENY_ROLE","DENY","JWT parishId; no cross-tenant authority","TENANT","server/src/routes/settings.ts:190","Static route/service reconstruction; no per-endpoint runtime completeness claim"
"GET","/api/promotion/evaluate/:studentId","promotion","TENANT_OBJECT","CURRENT_STUDENT_CLASS","CURRENT_STUDENT_CLASS","DENY_ROLE","DENY","JWT parishId; no cross-tenant authority","CURRENT_STUDENT_CLASS","server/src/routes/promotion.ts:21","Server evaluates policy; caller scores do not create authority; target class tenant checked"
"POST","/api/promotion/approve","promotion","TENANT_OBJECT","CURRENT_STUDENT_CLASS","DENY_ROLE","DENY_ROLE","DENY","JWT parishId; no cross-tenant authority","CURRENT_STUDENT_CLASS","server/src/routes/promotion.ts:60","Server evaluates policy; caller scores do not create authority; target class tenant checked"
"POST","/api/promotion/batch-approve","promotion","TENANT_OBJECT","CURRENT_STUDENT_CLASS","DENY_ROLE","DENY_ROLE","DENY","JWT parishId; no cross-tenant authority","CURRENT_STUDENT_CLASS","server/src/routes/promotion.ts:101","Server evaluates policy; caller scores do not create authority; target class tenant checked"
"GET","/api/reports/report-card/:studentId","reporting","TENANT_OBJECT","ASSIGNED_CLASS","ASSIGNED_CLASS","CURRENT_PHONE_CHILD","DENY","JWT parishId; no cross-tenant authority","CLASS_OR_CURRENT_PARENT_CHILD","server/src/routes/reporting.ts:15","Read context authorized in tx; parent phone ownership; PDF renderer does not query child data"
"GET","/api/reports/class-summary/:classId","reporting","TENANT_OBJECT","ASSIGNED_CLASS","DENY_ROLE","DENY_ROLE","DENY","JWT parishId; no cross-tenant authority","ASSIGNED_CLASS","server/src/routes/reporting.ts:48","Read context authorized in tx; parent phone ownership; PDF renderer does not query child data"
"POST","/api/reports/generate-pdf","reporting","CALLER_HTML_ONLY","CALLER_HTML_ONLY","CALLER_HTML_ONLY","DENY_ROLE","DENY","JWT parishId; no cross-tenant authority","CALLER_HTML_ONLY","server/src/routes/reporting.ts:76","Read context authorized in tx; parent phone ownership; PDF renderer does not query child data"
"POST","/api/verification/sign","verification","TENANT_STUDENT","TENANT_STUDENT","TENANT_STUDENT","DENY_ROLE","DENY","JWT parishId; no cross-tenant authority","TENANT_STUDENT","server/src/routes/verification.ts:19","D10: broad staff signing; arbitrary cert/year tuple; no issuance record or content digest"
"GET","/api/verification/verify","verification","SIGNED_STUDENT_IDENTITY","SIGNED_STUDENT_IDENTITY","SIGNED_STUDENT_IDENTITY","SIGNED_STUDENT_IDENTITY","HMAC_CAPABILITY","Signed parish/student/year/cert","SIGNED_STUDENT_IDENTITY","server/src/routes/verification.ts:76","Static route/service reconstruction; no per-endpoint runtime completeness claim"
"POST","/api/backup/export","backup","TENANT+ADMIN_REAUTH","DENY_ROLE","DENY_ROLE","DENY_ROLE","DENY","JWT parishId; no cross-tenant authority","TENANT+ADMIN_REAUTH","server/src/routes/backup.ts:158","Restore forces row parish and composite IDs; no users/auth sessions restored"
"POST","/api/backup/restore","backup","TENANT+ADMIN_REAUTH","DENY_ROLE","DENY_ROLE","DENY_ROLE","DENY","JWT parishId; no cross-tenant authority","TENANT+ADMIN_REAUTH","server/src/routes/backup.ts:291","Restore forces row parish and composite IDs; no users/auth sessions restored"
"GET","/api/semester-locks","semesterLocks","TENANT","TENANT","TENANT","TENANT","DENY","JWT parishId; no cross-tenant authority","TENANT","server/src/routes/semesterLocks.ts:31","Static route/service reconstruction; no per-endpoint runtime completeness claim"
"POST","/api/semester-locks","semesterLocks","TENANT","DENY_ROLE","DENY_ROLE","DENY_ROLE","DENY","JWT parishId; no cross-tenant authority","TENANT","server/src/routes/semesterLocks.ts:47","Static route/service reconstruction; no per-endpoint runtime completeness claim"
"GET","/api/academic-years","academicYears","TENANT","TENANT","TENANT","TENANT","DENY","JWT parishId; no cross-tenant authority","TENANT","server/src/routes/academicYears.ts:17","Static route/service reconstruction; no per-endpoint runtime completeness claim"
"GET","/api/academic-years/:id/completeness","academicYears","TENANT","DENY_ROLE","DENY_ROLE","DENY_ROLE","DENY","JWT parishId; no cross-tenant authority","TENANT","server/src/routes/academicYears.ts:23","Static route/service reconstruction; no per-endpoint runtime completeness claim"
"POST","/api/academic-years/:id/start-semester-2","academicYears","TENANT","DENY_ROLE","DENY_ROLE","DENY_ROLE","DENY","JWT parishId; no cross-tenant authority","TENANT","server/src/routes/academicYears.ts:35","Static route/service reconstruction; no per-endpoint runtime completeness claim"
"POST","/api/academic-years/:id/finalize","academicYears","TENANT","DENY_ROLE","DENY_ROLE","DENY_ROLE","DENY","JWT parishId; no cross-tenant authority","TENANT","server/src/routes/academicYears.ts:47","Static route/service reconstruction; no per-endpoint runtime completeness claim"
"POST","/api/academic-years/:id/copy","academicYears","TENANT","DENY_ROLE","DENY_ROLE","DENY_ROLE","DENY","JWT parishId; no cross-tenant authority","TENANT","server/src/routes/academicYears.ts:69","Static route/service reconstruction; no per-endpoint runtime completeness claim"
"POST","/api/academic-years/:id/promote","academicYears","TENANT","DENY_ROLE","DENY_ROLE","DENY_ROLE","DENY","JWT parishId; no cross-tenant authority","TENANT","server/src/routes/academicYears.ts:86","Static route/service reconstruction; no per-endpoint runtime completeness claim"
"GET","/api/academic-years/:id/promotion-reconciliation","academicYears","TENANT","DENY_ROLE","DENY_ROLE","DENY_ROLE","DENY","JWT parishId; no cross-tenant authority","TENANT","server/src/routes/academicYears.ts:105","Static route/service reconstruction; no per-endpoint runtime completeness claim"
"POST","/api/academic-years/:id/promotion-retry","academicYears","TENANT","DENY_ROLE","DENY_ROLE","DENY_ROLE","DENY","JWT parishId; no cross-tenant authority","TENANT","server/src/routes/academicYears.ts:116","Static route/service reconstruction; no per-endpoint runtime completeness claim"
"POST","/api/academic-years/:id/archive","academicYears","TENANT","DENY_ROLE","DENY_ROLE","DENY_ROLE","DENY","JWT parishId; no cross-tenant authority","TENANT","server/src/routes/academicYears.ts:127","Static route/service reconstruction; no per-endpoint runtime completeness claim"
"POST","/api/system/purge","system","ADMIN_REAUTH_ACK_PURGE_TENANT","DENY_ROLE","DENY_ROLE","DENY_ROLE","DENY","JWT parishId; no cross-tenant authority","ADMIN_REAUTH_ACK_PURGE_TENANT","server/src/routes/system.ts:28","Static route/service reconstruction; no per-endpoint runtime completeness claim"
"GET","/api/system/purge-version","system","TENANT","TENANT","TENANT","TENANT","DENY","JWT parishId; no cross-tenant authority","TENANT","server/src/routes/system.ts:66","Static route/service reconstruction; no per-endpoint runtime completeness claim"
"GET","/api/parents/my-children","parents","DENY_ROLE","DENY_ROLE","DENY_ROLE","CURRENT_PHONE_CHILDREN","DENY","JWT parishId; no cross-tenant authority","CURRENT_PHONE_CHILDREN","server/src/routes/parents.ts:22","Tenant+current user phone; active student; legacy KBA not authority"
"POST","/api/parents/telegram/link-token","parents","DENY_ROLE","DENY_ROLE","DENY_ROLE","AUTHENTICATED_410_RETIRED","DENY","JWT parishId; no cross-tenant authority","NO_WRITE_CHANNEL_RETIRED","server/src/routes/parents.ts:27","ADR-111 compatibility tombstone; parent gets 410 CHANNEL_RETIRED; no token or audit write"
"GET","/api/parents/telegram/status","parents","DENY_ROLE","DENY_ROLE","DENY_ROLE","AUTHENTICATED_410_RETIRED","DENY","JWT parishId; no cross-tenant authority","NO_READ_CHANNEL_RETIRED","server/src/routes/parents.ts:28","ADR-111 compatibility tombstone; parent gets 410 CHANNEL_RETIRED; no link data returned"
"POST","/api/parents/telegram/notifications","parents","DENY_ROLE","DENY_ROLE","DENY_ROLE","AUTHENTICATED_410_RETIRED","DENY","JWT parishId; no cross-tenant authority","NO_WRITE_CHANNEL_RETIRED","server/src/routes/parents.ts:29","ADR-111 compatibility tombstone; parent gets 410 CHANNEL_RETIRED; no preference or audit write"
"DELETE","/api/parents/telegram/link","parents","DENY_ROLE","DENY_ROLE","DENY_ROLE","AUTHENTICATED_410_RETIRED","DENY","JWT parishId; no cross-tenant authority","NO_WRITE_CHANNEL_RETIRED","server/src/routes/parents.ts:30","ADR-111 compatibility tombstone; parent gets 410 CHANNEL_RETIRED; migration/startup owns revocation"
"POST","/api/exams","exams","TENANT_OBJECT","SESSION_CLASS_AND_STUDENT_MEMBERSHIP","SESSION_CLASS_AND_STUDENT_MEMBERSHIP","DENY_ROLE","DENY","JWT parishId; no cross-tenant authority","SESSION_CLASS_AND_STUDENT_MEMBERSHIP","server/src/routes/exams.ts:269","Admin tenant-wide; GLV assigned; completed/manifest/lock restrictions; auth-only alternate handlers rely on assignment (H3/H4)"
"GET","/api/exams/class/:classId","exams","TENANT_OBJECT","SESSION_CLASS_AND_STUDENT_MEMBERSHIP","SESSION_CLASS_AND_STUDENT_MEMBERSHIP","SESSION_CLASS_AND_STUDENT_MEMBERSHIP","DENY","JWT parishId; no cross-tenant authority","SESSION_CLASS_AND_STUDENT_MEMBERSHIP","server/src/routes/exams.ts:293","Admin tenant-wide; GLV assigned; completed/manifest/lock restrictions; auth-only alternate handlers rely on assignment (H3/H4)"
"GET","/api/exams/my-classes","exams","TENANT_OBJECT","SESSION_CLASS_AND_STUDENT_MEMBERSHIP","SESSION_CLASS_AND_STUDENT_MEMBERSHIP","DENY_ROLE","DENY","JWT parishId; no cross-tenant authority","SESSION_CLASS_AND_STUDENT_MEMBERSHIP","server/src/routes/exams.ts:312","Admin tenant-wide; GLV assigned; completed/manifest/lock restrictions; auth-only alternate handlers rely on assignment (H3/H4)"
"POST","/api/exams/:id/results","exams","TENANT_OBJECT","SESSION_CLASS_AND_STUDENT_MEMBERSHIP","SESSION_CLASS_AND_STUDENT_MEMBERSHIP","DENY_ROLE","DENY","JWT parishId; no cross-tenant authority","SESSION_CLASS_AND_STUDENT_MEMBERSHIP","server/src/routes/exams.ts:320","Admin tenant-wide; GLV assigned; completed/manifest/lock restrictions; auth-only alternate handlers rely on assignment (H3/H4)"
"GET","/api/exams/:id/results","exams","TENANT_OBJECT","SESSION_CLASS_AND_STUDENT_MEMBERSHIP","SESSION_CLASS_AND_STUDENT_MEMBERSHIP","SESSION_CLASS_AND_STUDENT_MEMBERSHIP","DENY","JWT parishId; no cross-tenant authority","SESSION_CLASS_AND_STUDENT_MEMBERSHIP","server/src/routes/exams.ts:337","Admin tenant-wide; GLV assigned; completed/manifest/lock restrictions; auth-only alternate handlers rely on assignment (H3/H4)"
"DELETE","/api/exams/:id/results/:studentId","exams","TENANT_OBJECT","SESSION_CLASS_AND_STUDENT_MEMBERSHIP","SESSION_CLASS_AND_STUDENT_MEMBERSHIP","DENY_ROLE","DENY","JWT parishId; no cross-tenant authority","SESSION_CLASS_AND_STUDENT_MEMBERSHIP","server/src/routes/exams.ts:351","Admin tenant-wide; GLV assigned; completed/manifest/lock restrictions; auth-only alternate handlers rely on assignment (H3/H4)"
"POST","/api/exams/:id/complete","exams","TENANT_OBJECT","SESSION_CLASS_AND_STUDENT_MEMBERSHIP","DENY_ROLE","DENY_ROLE","DENY","JWT parishId; no cross-tenant authority","SESSION_CLASS_AND_STUDENT_MEMBERSHIP","server/src/routes/exams.ts:368","Admin tenant-wide; GLV assigned; completed/manifest/lock restrictions; auth-only alternate handlers rely on assignment (H3/H4)"
"DELETE","/api/exams/:id","exams","TENANT_OBJECT","SESSION_CLASS_AND_STUDENT_MEMBERSHIP","SESSION_CLASS_AND_STUDENT_MEMBERSHIP","DENY_ROLE","DENY","JWT parishId; no cross-tenant authority","SESSION_CLASS_AND_STUDENT_MEMBERSHIP","server/src/routes/exams.ts:387","Admin tenant-wide; GLV assigned; completed/manifest/lock restrictions; auth-only alternate handlers rely on assignment (H3/H4)"
"POST","/api/exams/:id/reopen","exams","TENANT_OBJECT","DENY_ROLE","DENY_ROLE","DENY_ROLE","DENY","JWT parishId; no cross-tenant authority","SESSION_CLASS_AND_STUDENT_MEMBERSHIP","server/src/routes/exams.ts:403","Admin tenant-wide; GLV assigned; completed/manifest/lock restrictions; auth-only alternate handlers rely on assignment (H3/H4)"
"GET","/api/exams/:id","exams","TENANT_OBJECT","SESSION_CLASS_AND_STUDENT_MEMBERSHIP","SESSION_CLASS_AND_STUDENT_MEMBERSHIP","SESSION_CLASS_AND_STUDENT_MEMBERSHIP","DENY","JWT parishId; no cross-tenant authority","SESSION_CLASS_AND_STUDENT_MEMBERSHIP","server/src/routes/exams.ts:418","Admin tenant-wide; GLV assigned; completed/manifest/lock restrictions; auth-only alternate handlers rely on assignment (H3/H4)"
"PATCH","/api/exams/:id/answer-key","exams","TENANT_OBJECT","SESSION_CLASS_AND_STUDENT_MEMBERSHIP","SESSION_CLASS_AND_STUDENT_MEMBERSHIP","SESSION_CLASS_AND_STUDENT_MEMBERSHIP","DENY","JWT parishId; no cross-tenant authority","SESSION_CLASS_AND_STUDENT_MEMBERSHIP","server/src/routes/exams.ts:440","Admin tenant-wide; GLV assigned; completed/manifest/lock restrictions; auth-only alternate handlers rely on assignment (H3/H4)"
"PATCH","/api/exams/:id/answer-variants","exams","TENANT_OBJECT","SESSION_CLASS_AND_STUDENT_MEMBERSHIP","SESSION_CLASS_AND_STUDENT_MEMBERSHIP","SESSION_CLASS_AND_STUDENT_MEMBERSHIP","DENY","JWT parishId; no cross-tenant authority","SESSION_CLASS_AND_STUDENT_MEMBERSHIP","server/src/routes/exams.ts:487","Admin tenant-wide; GLV assigned; completed/manifest/lock restrictions; auth-only alternate handlers rely on assignment (H3/H4)"
"POST","/api/exams/:id/variant-manifests","exams","TENANT_OBJECT","SESSION_CLASS_AND_STUDENT_MEMBERSHIP","SESSION_CLASS_AND_STUDENT_MEMBERSHIP","DENY_ROLE","DENY","JWT parishId; no cross-tenant authority","SESSION_CLASS_AND_STUDENT_MEMBERSHIP","server/src/routes/exams.ts:517","Admin tenant-wide; GLV assigned; completed/manifest/lock restrictions; auth-only alternate handlers rely on assignment (H3/H4)"
"POST","/api/exams/barcode/decode","exams","TENANT_OBJECT","SESSION_CLASS_AND_STUDENT_MEMBERSHIP","SESSION_CLASS_AND_STUDENT_MEMBERSHIP","SESSION_CLASS_AND_STUDENT_MEMBERSHIP","DENY","JWT parishId; no cross-tenant authority","SESSION_CLASS_AND_STUDENT_MEMBERSHIP","server/src/routes/exams.ts:547","Admin tenant-wide; GLV assigned; completed/manifest/lock restrictions; auth-only alternate handlers rely on assignment (H3/H4)"
"POST","/api/leave-requests","leaveRequests","TENANT_OBJECT","STAFF_CLASS_OR_PARENT_CHILD","STAFF_CLASS_OR_PARENT_CHILD","CURRENT_PHONE_CHILD","DENY","JWT parishId; no cross-tenant authority","STAFF_CLASS_OR_PARENT_CHILD","server/src/routes/leaveRequests.ts:34","Static route/service reconstruction; no per-endpoint runtime completeness claim"
"GET","/api/leave-requests","leaveRequests","TENANT_OBJECT","STAFF_CLASS_OR_PARENT_CHILD","STAFF_CLASS_OR_PARENT_CHILD","CURRENT_PHONE_CHILD","DENY","JWT parishId; no cross-tenant authority","STAFF_CLASS_OR_PARENT_CHILD","server/src/routes/leaveRequests.ts:140","Static route/service reconstruction; no per-endpoint runtime completeness claim"
"GET","/api/leave-requests/pending-count","leaveRequests","TENANT_OBJECT","REQUEST_SNAPSHOT_CLASS","REQUEST_SNAPSHOT_CLASS","CONSTANT_ZERO","DENY","JWT parishId; no cross-tenant authority","REQUEST_SNAPSHOT_CLASS","server/src/routes/leaveRequests.ts:220","Parent receives zero rather than access to staff pending data"
"PATCH","/api/leave-requests/:id/review","leaveRequests","TENANT_OBJECT","REQUEST_SNAPSHOT_CLASS","REQUEST_SNAPSHOT_CLASS","DENY_ROLE","DENY","JWT parishId; no cross-tenant authority","REQUEST_SNAPSHOT_CLASS","server/src/routes/leaveRequests.ts:247","D2: snapshot class used; attendance writes omit semester lock/current student check"
"DELETE","/api/leave-requests/:id","leaveRequests","TENANT_OBJECT","SNAPSHOT_CLASS_OR_PARENT_CREATOR","SNAPSHOT_CLASS_OR_PARENT_CREATOR","PARENT_CREATOR_PENDING","DENY","JWT parishId; no cross-tenant authority","SNAPSHOT_CLASS_OR_PARENT_CREATOR","server/src/routes/leaveRequests.ts:418","PENDING CAS; parentId ownership (not current child phone); old class authorization D2"
"GET","/api/finances/summary","finances","TENANT_FUND_CLASS_STUDENT_RELATION","DENY_ROLE","DENY_ROLE","DENY_ROLE","DENY","JWT parishId; no cross-tenant authority","TENANT_FUND_CLASS_STUDENT_RELATION","server/src/routes/finances.ts:84","Router admin-only; transaction validates references and student-class membership"
"GET","/api/finances/funds","finances","TENANT_FUND_CLASS_STUDENT_RELATION","DENY_ROLE","DENY_ROLE","DENY_ROLE","DENY","JWT parishId; no cross-tenant authority","TENANT_FUND_CLASS_STUDENT_RELATION","server/src/routes/finances.ts:95","Router admin-only; transaction validates references and student-class membership"
"POST","/api/finances/funds","finances","TENANT_FUND_CLASS_STUDENT_RELATION","DENY_ROLE","DENY_ROLE","DENY_ROLE","DENY","JWT parishId; no cross-tenant authority","TENANT_FUND_CLASS_STUDENT_RELATION","server/src/routes/finances.ts:105","Router admin-only; transaction validates references and student-class membership"
"GET","/api/finances/transactions","finances","TENANT_FUND_CLASS_STUDENT_RELATION","DENY_ROLE","DENY_ROLE","DENY_ROLE","DENY","JWT parishId; no cross-tenant authority","TENANT_FUND_CLASS_STUDENT_RELATION","server/src/routes/finances.ts:126","Router admin-only; transaction validates references and student-class membership"
"POST","/api/finances/transactions","finances","TENANT_FUND_CLASS_STUDENT_RELATION","DENY_ROLE","DENY_ROLE","DENY_ROLE","DENY","JWT parishId; no cross-tenant authority","TENANT_FUND_CLASS_STUDENT_RELATION","server/src/routes/finances.ts:149","Router admin-only; transaction validates references and student-class membership"
"DELETE","/api/finances/transactions/:id","finances","TENANT_FUND_CLASS_STUDENT_RELATION","DENY_ROLE","DENY_ROLE","DENY_ROLE","DENY","JWT parishId; no cross-tenant authority","TENANT_FUND_CLASS_STUDENT_RELATION","server/src/routes/finances.ts:184","Router admin-only; transaction validates references and student-class membership"
"GET","/api/finances/classes/:classId/fees","finances","TENANT_FUND_CLASS_STUDENT_RELATION","DENY_ROLE","DENY_ROLE","DENY_ROLE","DENY","JWT parishId; no cross-tenant authority","TENANT_FUND_CLASS_STUDENT_RELATION","server/src/routes/finances.ts:202","Router admin-only; transaction validates references and student-class membership"
"POST","/api/finances/classes/:classId/fees","finances","TENANT_FUND_CLASS_STUDENT_RELATION","DENY_ROLE","DENY_ROLE","DENY_ROLE","DENY","JWT parishId; no cross-tenant authority","TENANT_FUND_CLASS_STUDENT_RELATION","server/src/routes/finances.ts:216","Router admin-only; transaction validates references and student-class membership"
"POST","/api/finances/classes/:classId/fees/batch","finances","TENANT_FUND_CLASS_STUDENT_RELATION","DENY_ROLE","DENY_ROLE","DENY_ROLE","DENY","JWT parishId; no cross-tenant authority","TENANT_FUND_CLASS_STUDENT_RELATION","server/src/routes/finances.ts:243","Router admin-only; transaction validates references and student-class membership"
"GET","/api/parish-events","parishEvents","TENANT_SHARED_EVENT","TENANT_SHARED_EVENT","TENANT_SHARED_EVENT","TENANT_SHARED_EVENT","DENY","JWT parishId; no cross-tenant authority","TENANT_SHARED_EVENT","server/src/routes/parishEvents.ts:41","Admin/CN mutation; no creator ownership restriction"
"POST","/api/parish-events","parishEvents","TENANT_SHARED_EVENT","TENANT_SHARED_EVENT","DENY_ROLE","DENY_ROLE","DENY","JWT parishId; no cross-tenant authority","TENANT_SHARED_EVENT","server/src/routes/parishEvents.ts:59","Admin/CN mutation; no creator ownership restriction"
"PUT","/api/parish-events/:id","parishEvents","TENANT_SHARED_EVENT","TENANT_SHARED_EVENT","DENY_ROLE","DENY_ROLE","DENY","JWT parishId; no cross-tenant authority","TENANT_SHARED_EVENT","server/src/routes/parishEvents.ts:109","Admin/CN mutation; no creator ownership restriction"
"DELETE","/api/parish-events/:id","parishEvents","TENANT_SHARED_EVENT","TENANT_SHARED_EVENT","DENY_ROLE","DENY_ROLE","DENY","JWT parishId; no cross-tenant authority","TENANT_SHARED_EVENT","server/src/routes/parishEvents.ts:154","Admin/CN mutation; no creator ownership restriction"
"GET","/api/parish-profile","parishProfile","TENANT_STAFF_VISIBILITY","TENANT_STAFF_VISIBILITY","TENANT_STAFF_VISIBILITY","DENY_ROLE","DENY","JWT parishId; no cross-tenant authority","TENANT_STAFF_VISIBILITY","server/src/routes/parishProfile.ts:167","Nonadmin STAFF visibility; published records; download rechecks tenant+visibility; D4 profile suffix"
"PUT","/api/parish-profile/profile","parishProfile","TENANT_REFERENCES","DENY_ROLE","DENY_ROLE","DENY_ROLE","DENY","JWT parishId; no cross-tenant authority","TENANT_REFERENCES","server/src/routes/parishProfile.ts:176","Nonadmin STAFF visibility; published records; download rechecks tenant+visibility; D4 profile suffix"
"POST","/api/parish-profile/people","parishProfile","TENANT_REFERENCES","DENY_ROLE","DENY_ROLE","DENY_ROLE","DENY","JWT parishId; no cross-tenant authority","TENANT_REFERENCES","server/src/routes/parishProfile.ts:181","Nonadmin STAFF visibility; published records; download rechecks tenant+visibility; D4 profile suffix"
"POST","/api/parish-profile/people/import","parishProfile","TENANT_REFERENCES","DENY_ROLE","DENY_ROLE","DENY_ROLE","DENY","JWT parishId; no cross-tenant authority","TENANT_REFERENCES","server/src/routes/parishProfile.ts:185","Nonadmin STAFF visibility; published records; download rechecks tenant+visibility; D4 profile suffix"
"PUT","/api/parish-profile/people/:id","parishProfile","TENANT_REFERENCES","DENY_ROLE","DENY_ROLE","DENY_ROLE","DENY","JWT parishId; no cross-tenant authority","TENANT_REFERENCES","server/src/routes/parishProfile.ts:189","Nonadmin STAFF visibility; published records; download rechecks tenant+visibility; D4 profile suffix"
"DELETE","/api/parish-profile/people/:id","parishProfile","TENANT_REFERENCES","DENY_ROLE","DENY_ROLE","DENY_ROLE","DENY","JWT parishId; no cross-tenant authority","TENANT_REFERENCES","server/src/routes/parishProfile.ts:193","Nonadmin STAFF visibility; published records; download rechecks tenant+visibility; D4 profile suffix"
"POST","/api/parish-profile/units","parishProfile","TENANT_REFERENCES","DENY_ROLE","DENY_ROLE","DENY_ROLE","DENY","JWT parishId; no cross-tenant authority","TENANT_REFERENCES","server/src/routes/parishProfile.ts:198","Nonadmin STAFF visibility; published records; download rechecks tenant+visibility; D4 profile suffix"
"PUT","/api/parish-profile/units/:id","parishProfile","TENANT_REFERENCES","DENY_ROLE","DENY_ROLE","DENY_ROLE","DENY","JWT parishId; no cross-tenant authority","TENANT_REFERENCES","server/src/routes/parishProfile.ts:202","Nonadmin STAFF visibility; published records; download rechecks tenant+visibility; D4 profile suffix"
"DELETE","/api/parish-profile/units/:id","parishProfile","TENANT_REFERENCES","DENY_ROLE","DENY_ROLE","DENY_ROLE","DENY","JWT parishId; no cross-tenant authority","TENANT_REFERENCES","server/src/routes/parishProfile.ts:206","Nonadmin STAFF visibility; published records; download rechecks tenant+visibility; D4 profile suffix"
"POST","/api/parish-profile/terms","parishProfile","TENANT_REFERENCES","DENY_ROLE","DENY_ROLE","DENY_ROLE","DENY","JWT parishId; no cross-tenant authority","TENANT_REFERENCES","server/src/routes/parishProfile.ts:211","Nonadmin STAFF visibility; published records; download rechecks tenant+visibility; D4 profile suffix"
"PUT","/api/parish-profile/terms/:id","parishProfile","TENANT_REFERENCES","DENY_ROLE","DENY_ROLE","DENY_ROLE","DENY","JWT parishId; no cross-tenant authority","TENANT_REFERENCES","server/src/routes/parishProfile.ts:215","Nonadmin STAFF visibility; published records; download rechecks tenant+visibility; D4 profile suffix"
"DELETE","/api/parish-profile/terms/:id","parishProfile","TENANT_REFERENCES","DENY_ROLE","DENY_ROLE","DENY_ROLE","DENY","JWT parishId; no cross-tenant authority","TENANT_REFERENCES","server/src/routes/parishProfile.ts:219","Nonadmin STAFF visibility; published records; download rechecks tenant+visibility; D4 profile suffix"
"POST","/api/parish-profile/records","parishProfile","TENANT_REFERENCES","DENY_ROLE","DENY_ROLE","DENY_ROLE","DENY","JWT parishId; no cross-tenant authority","TENANT_REFERENCES","server/src/routes/parishProfile.ts:224","Nonadmin STAFF visibility; published records; download rechecks tenant+visibility; D4 profile suffix"
"PUT","/api/parish-profile/records/:id","parishProfile","TENANT_REFERENCES","DENY_ROLE","DENY_ROLE","DENY_ROLE","DENY","JWT parishId; no cross-tenant authority","TENANT_REFERENCES","server/src/routes/parishProfile.ts:228","Nonadmin STAFF visibility; published records; download rechecks tenant+visibility; D4 profile suffix"
"DELETE","/api/parish-profile/records/:id","parishProfile","TENANT_REFERENCES","DENY_ROLE","DENY_ROLE","DENY_ROLE","DENY","JWT parishId; no cross-tenant authority","TENANT_REFERENCES","server/src/routes/parishProfile.ts:232","Nonadmin STAFF visibility; published records; download rechecks tenant+visibility; D4 profile suffix"
"POST","/api/parish-profile/assets/external","parishProfile","TENANT_REFERENCES","DENY_ROLE","DENY_ROLE","DENY_ROLE","DENY","JWT parishId; no cross-tenant authority","TENANT_REFERENCES","server/src/routes/parishProfile.ts:237","Nonadmin STAFF visibility; published records; download rechecks tenant+visibility; D4 profile suffix"
"POST","/api/parish-profile/assets/upload","parishProfile","TENANT_REFERENCES","DENY_ROLE","DENY_ROLE","DENY_ROLE","DENY","JWT parishId; no cross-tenant authority","TENANT_REFERENCES","server/src/routes/parishProfile.ts:242","Nonadmin STAFF visibility; published records; download rechecks tenant+visibility; D4 profile suffix"
"PUT","/api/parish-profile/assets/:id","parishProfile","TENANT_REFERENCES","DENY_ROLE","DENY_ROLE","DENY_ROLE","DENY","JWT parishId; no cross-tenant authority","TENANT_REFERENCES","server/src/routes/parishProfile.ts:295","Nonadmin STAFF visibility; published records; download rechecks tenant+visibility; D4 profile suffix"
"DELETE","/api/parish-profile/assets/:id","parishProfile","TENANT_REFERENCES","DENY_ROLE","DENY_ROLE","DENY_ROLE","DENY","JWT parishId; no cross-tenant authority","TENANT_REFERENCES","server/src/routes/parishProfile.ts:299","Nonadmin STAFF visibility; published records; download rechecks tenant+visibility; D4 profile suffix"
"GET","/api/parish-profile/assets/:id/download","parishProfile","TENANT_STAFF_VISIBILITY","TENANT_STAFF_VISIBILITY","TENANT_STAFF_VISIBILITY","DENY_ROLE","DENY","JWT parishId; no cross-tenant authority","TENANT_STAFF_VISIBILITY","server/src/routes/parishProfile.ts:304","Nonadmin STAFF visibility; published records; download rechecks tenant+visibility; D4 profile suffix"
"GET","/api/feedback/targets","feedback","DENY_ROLE","TENANT_BOARD_OR_CHILD_HOMEROOM_CN","TENANT_BOARD_OR_CHILD_HOMEROOM_CN","TENANT_BOARD_OR_CHILD_HOMEROOM_CN","DENY","JWT parishId; no cross-tenant authority","TENANT_BOARD_OR_CHILD_HOMEROOM_CN","server/src/routes/feedback.ts:34","Anonymous no sender persisted; parent targets resolved from current children; no admin send role"
"GET","/api/feedback/inbox","feedback","TENANT_ADMIN_OR_ADDRESSED_CN","TENANT_ADMIN_OR_ADDRESSED_CN","DENY_ROLE","DENY_ROLE","DENY","JWT parishId; no cross-tenant authority","TENANT_ADMIN_OR_ADDRESSED_CN","server/src/routes/feedback.ts:39","Anonymous no sender persisted; parent targets resolved from current children; no admin send role"
"GET","/api/feedback/sent","feedback","DENY_ROLE","SELF_PUBLIC_SUBMISSIONS","SELF_PUBLIC_SUBMISSIONS","SELF_PUBLIC_SUBMISSIONS","DENY","JWT parishId; no cross-tenant authority","SELF_PUBLIC_SUBMISSIONS","server/src/routes/feedback.ts:48","Anonymous no sender persisted; parent targets resolved from current children; no admin send role"
"POST","/api/feedback","feedback","DENY_ROLE","TENANT_BOARD_OR_CHILD_HOMEROOM_CN","TENANT_BOARD_OR_CHILD_HOMEROOM_CN","TENANT_BOARD_OR_CHILD_HOMEROOM_CN","DENY","JWT parishId; no cross-tenant authority","TENANT_BOARD_OR_CHILD_HOMEROOM_CN","server/src/routes/feedback.ts:55","Anonymous no sender persisted; parent targets resolved from current children; no admin send role"
"PATCH","/api/feedback/:id/status","feedback","TENANT_ADMIN_OR_ADDRESSED_CN","TENANT_ADMIN_OR_ADDRESSED_CN","DENY_ROLE","DENY_ROLE","DENY","JWT parishId; no cross-tenant authority","TENANT_ADMIN_OR_ADDRESSED_CN","server/src/routes/feedback.ts:70","Anonymous no sender persisted; parent targets resolved from current children; no admin send role"
"POST","/api/password-reset-requests","passwordResetRequests","NO_ACCOUNT_DISCLOSURE","DENY_ROLE","DENY_ROLE","DENY_ROLE","GENERIC_202","Request parish; generic acknowledgement","NO_ACCOUNT_DISCLOSURE","server/src/routes/passwordResetRequests.ts:41","Static route/service reconstruction; no per-endpoint runtime completeness claim"
"GET","/api/password-reset-requests/admin","passwordResetRequests","TENANT","DENY_ROLE","DENY_ROLE","DENY_ROLE","DENY","JWT parishId; no cross-tenant authority","TENANT","server/src/routes/passwordResetRequests.ts:53","Exact /admin and /admin/* gates; ticket+target tenant; atomic pending claim"
"POST","/api/password-reset-requests/admin/:id/reset","passwordResetRequests","TENANT+ADMIN_REAUTH","DENY_ROLE","DENY_ROLE","DENY_ROLE","DENY","JWT parishId; no cross-tenant authority","TENANT+ADMIN_REAUTH","server/src/routes/passwordResetRequests.ts:58","Exact /admin and /admin/* gates; ticket+target tenant; atomic pending claim"
"PATCH","/api/password-reset-requests/admin/:id/dismiss","passwordResetRequests","TENANT","DENY_ROLE","DENY_ROLE","DENY_ROLE","DENY","JWT parishId; no cross-tenant authority","TENANT","server/src/routes/passwordResetRequests.ts:83","Exact /admin and /admin/* gates; ticket+target tenant; atomic pending claim"
"GET","/api/sync/watermark","sync","TENANT","TENANT","TENANT","TENANT","DENY","JWT parishId; no cross-tenant authority","TENANT","server/src/routes/sync.ts:10","Static route/service reconstruction; no per-endpoint runtime completeness claim"
"GET","/api/question-bank/questions","questionBank","TENANT_SHARED_BANK","TENANT_SHARED_BANK","TENANT_SHARED_BANK","DENY_ROLE","DENY","JWT parishId; no cross-tenant authority","TENANT_SHARED_BANK","server/src/routes/questionBank.ts:77","Static route/service reconstruction; no per-endpoint runtime completeness claim"
"POST","/api/question-bank/questions","questionBank","TENANT_SHARED_BANK","TENANT_SHARED_BANK","TENANT_SHARED_BANK","DENY_ROLE","DENY","JWT parishId; no cross-tenant authority","TENANT_SHARED_BANK","server/src/routes/questionBank.ts:96","Static route/service reconstruction; no per-endpoint runtime completeness claim"
"POST","/api/question-bank/questions/import","questionBank","TENANT_SHARED_BANK","TENANT_SHARED_BANK","TENANT_SHARED_BANK","DENY_ROLE","DENY","JWT parishId; no cross-tenant authority","TENANT_SHARED_BANK","server/src/routes/questionBank.ts:103","Static route/service reconstruction; no per-endpoint runtime completeness claim"
"GET","/api/question-bank/questions/:id","questionBank","TENANT_SHARED_BANK","TENANT_SHARED_BANK","TENANT_SHARED_BANK","DENY_ROLE","DENY","JWT parishId; no cross-tenant authority","TENANT_SHARED_BANK","server/src/routes/questionBank.ts:116","Static route/service reconstruction; no per-endpoint runtime completeness claim"
"PUT","/api/question-bank/questions/:id","questionBank","ADMIN_OR_OWN_DRAFT","ADMIN_OR_OWN_DRAFT","ADMIN_OR_OWN_DRAFT","DENY_ROLE","DENY","JWT parishId; no cross-tenant authority","ADMIN_OR_OWN_DRAFT","server/src/routes/questionBank.ts:123","Static route/service reconstruction; no per-endpoint runtime completeness claim"
"POST","/api/question-bank/questions/:id/lifecycle","questionBank","OWNER_SUBMIT_ADMIN_REVIEW","OWNER_SUBMIT_ADMIN_REVIEW","OWNER_SUBMIT_ADMIN_REVIEW","DENY_ROLE","DENY","JWT parishId; no cross-tenant authority","OWNER_SUBMIT_ADMIN_REVIEW","server/src/routes/questionBank.ts:130","submit own draft; reject/approve/activate/archive admin only"
"GET","/api/question-bank/blueprints","questionBank","TENANT_SHARED_BANK","TENANT_SHARED_BANK","TENANT_SHARED_BANK","DENY_ROLE","DENY","JWT parishId; no cross-tenant authority","TENANT_SHARED_BANK","server/src/routes/questionBank.ts:138","Static route/service reconstruction; no per-endpoint runtime completeness claim"
"POST","/api/question-bank/blueprints","questionBank","TENANT_SHARED_BANK","TENANT_SHARED_BANK","TENANT_SHARED_BANK","DENY_ROLE","DENY","JWT parishId; no cross-tenant authority","TENANT_SHARED_BANK","server/src/routes/questionBank.ts:145","Static route/service reconstruction; no per-endpoint runtime completeness claim"
"GET","/api/question-bank/blueprints/:id","questionBank","TENANT_SHARED_BANK","TENANT_SHARED_BANK","TENANT_SHARED_BANK","DENY_ROLE","DENY","JWT parishId; no cross-tenant authority","TENANT_SHARED_BANK","server/src/routes/questionBank.ts:152","Static route/service reconstruction; no per-endpoint runtime completeness claim"
"POST","/api/question-bank/blueprints/:id/status","questionBank","TENANT_BLUEPRINT","DENY_ROLE","DENY_ROLE","DENY_ROLE","DENY","JWT parishId; no cross-tenant authority","TENANT_BLUEPRINT","server/src/routes/questionBank.ts:159","Static route/service reconstruction; no per-endpoint runtime completeness claim"
"POST","/api/question-bank/exams/build","questionBank","TENANT_OBJECT","ASSIGNED_CLASS_IN_TRANSACTION","ASSIGNED_CLASS_IN_TRANSACTION","DENY_ROLE","DENY","JWT parishId; no cross-tenant authority","ASSIGNED_CLASS_IN_TRANSACTION","server/src/routes/questionBank.ts:184","Static route/service reconstruction; no per-endpoint runtime completeness claim"
"POST","/api/daily-entries/batch","dailyEntries","TENANT_OBJECT","CURRENT_STUDENT_CLASS","CURRENT_STUDENT_CLASS","DENY_ROLE","DENY","JWT parishId; no cross-tenant authority","CURRENT_STUDENT_CLASS","server/src/routes/dailyEntries.ts:49","Admin tenant-wide; other roles assignment-filtered; auth-only reads do not separately deny corrupt parent assignments (H4)"
"DELETE","/api/daily-entries/:id","dailyEntries","TENANT_OBJECT","CURRENT_STUDENT_CLASS","CURRENT_STUDENT_CLASS","DENY_ROLE","DENY","JWT parishId; no cross-tenant authority","CURRENT_STUDENT_CLASS","server/src/routes/dailyEntries.ts:69","Admin tenant-wide; other roles assignment-filtered; auth-only reads do not separately deny corrupt parent assignments (H4)"
"GET","/api/daily-entries","dailyEntries","TENANT_OBJECT","CURRENT_STUDENT_CLASS","CURRENT_STUDENT_CLASS","CURRENT_STUDENT_CLASS","DENY","JWT parishId; no cross-tenant authority","CURRENT_STUDENT_CLASS","server/src/routes/dailyEntries.ts:88","Admin tenant-wide; other roles assignment-filtered; auth-only reads do not separately deny corrupt parent assignments (H4)"
